# Sample	rRNA / Trim	rRNA / Raw	hg37dec_v0.1 / Trim	hg37dec_v0.1 / Raw	mRNA / Trim	mRNA / Raw
CSM9X23N	0.99566	0.99720	0.99065	0.99219	0.99554	0.99709
HSM6XRQY	0.99623	0.99730	0.99059	0.99166	0.99612	0.99719
HSM7J4NY	1.04517	1.04833	0.79829	0.80070	0.99333	0.99633
HSMA33KE	0.99670	0.99788	0.99106	0.99223	0.99657	0.99775
HSMA33OT	0.98668	0.98791	0.69700	0.69788	0.97846	0.97968
MSM6J2QD	1.10544	1.11377	0.49683	0.50057	0.98422	0.99163
